Actual,Predicted
37731.0,40817.7832705
122391.0,123188.082589
57081.0,65154.4626146
63218.0,63282.4103574
116969.0,115699.87356
109431.0,108211.664531
112635.0,116635.899689
55794.0,64218.436486
83088.0,76386.776158
